loss,acc,val_loss,val_acc
4.207845308342758,32.20663,1.9106980513553231,38.966835
