loss,acc,val_loss,val_acc
4.210936502534516,38.568237,2.0119695420167885,49.107143
