loss,acc,val_loss,val_acc
1.8314310946400125,45.27599,3.779409728536125,23.527668
1.7017313200067803,47.084362,4.048017604277899,23.527668
